Event_ID,Hex_Data
1,00000000000000000000000000000000000000000000000000000000000000000000000000000000000000000000000000000000000000000019346d435ee860
2,00000000000000000000000000000000000000000000000000000000000000000000000000000000000000000000000000000000000000000013a3d40fac0680
3,0000000000000000000000000000000000000000000000000000000000000000000000000000000000000000000000000000000000000000003a4e0488655080
4,0000000000000000000000000000000000000000000000000000000000000000000000000000000000000000000000000000000000000000001fa918f18c2800
5,000000000000000000000000000000000000000000000000000000000000000000000000000000000000000000000000000000000000000000183964ace6c780
6,000000000000000000000000000000000000000000000000000000000000000000000000000000000000000000000000000000000000000000294e72c14f3200
7,0000000000000000000000000000000000000000000000000000000000000000000000000000000000000000000000000000000000000000001d1f9475ede220
8,0000000000000000000000000000000000000000000000000000000000000000000000000000000000000000000000000000000000000000001f6c2513316fa0
9,0000000000000000000000000000000000000000000000000000000000000000000000000000000000000000000000000000000000000000001cf17b0cba53c0
10,00000000000000000000000000000000000000000000000000000000000000000000000000000000000000000000000000000000000000000010fb63962327a0
11,00000000000000000000000000000000000000000000000000000000000000000000000000000000000000000000000000000000000000000019ab5f31827d00
12,00000000000000000000000000000000000000000000000000000000000000000000000000000000000000000000000000000000000000000013c388489cd2c0
13,000000000000000000000000000000000000000000000000000000000000000000000000000000000000000000000000000000000000000000170c66061b4060
14,00000000000000000000000000000000000000000000000000000000000000000000000000000000000000000000000000000000000000000012f962a500c940
15,000000000000000000000000000000000000000000000000000000000000000000000000000000000000000000000000000000000000000000180f172fc08060
16,0000000000000000000000000000000000000000000000000000000000000000000000000000000000000000000000000000000000000000001ca71a9b95f140
17,000000000000000000000000000000000000000000000000000000000000000000000000000000000000000000000000000000000000000000419702e357ae40
18,00000000000000000000000000000000000000000000000000000000000000000000000000000000000000000000000000000000000000000043c81f0c4d7240
19,00000000000000000000000000000000000000000000000000000000000000000000000000000000000000000000000000000000000000000011a3666d471d40
20,00000000000000000000000000000000000000000000000000000000000000000000000000000000000000000000000000000000000000000027a326ca68d740
21,0000000000000000000000000000000000000000000000000000000000000000000000000000000000000000000000000000000000000000002a8c05534b8660
22,000000000000000000000000000000000000000000000000000000000000000000000000000000000000000000000000000000000000000000257fd8ef49d8c0
23,00000000000000000000000000000000000000000000000000000000000000000000000000000000000000000000000000000000000000000013084e7c9ceec0
24,00000000000000000000000000000000000000000000000000000000000000000000000000000000000000000000000000000000000000000013b477bfc81280
25,000000000000000000000000000000000000000000000000000000000000000000000000000000000000000000000000000000000000000000162135a9a57ec0
26,00000000000000000000000000000000000000000000000000000000000000000000000000000000000000000000000000000000000000000022f502d6387a20
27,000000000000000000000000000000000000000000000000000000000000000000000000000000000000000000000000000000000000000000269745ab3ab020
28,0000000000000000000000000000000000000000000000000000000000000000000000000000000000000000000000000000000000000000001d0f2b3bf54820
29,00000000000000000000000000000000000000000000000000000000000000000000000000000000000000000000000000000000000000000031a0bb6cd77400
30,000000000000000000000000000000000000000000000000000000000000000000000000000000000000000000000000000000000000000000284241fac3f2c0
31,00000000000000000000000000000000000000000000000000000000000000000000000000000000000000000000000000000000000000000019e8606879d900
32,00000000000000000000000000000000000000000000000000000000000000000000000000000000000000000000000000000000000000000032405f2701f9c0
33,0000000000000000000000000000000000000000000000000000000000000000000000000000000000000000000000000000000000000000001dce3342c737e0
34,0000000000000000000000000000000000000000000000000000000000000000000000000000000000000000000000000000000000000000002c8e81ff6589c0
35,0000000000000000000000000000000000000000000000000000000000000000000000000000000000000000000000000000000000000000001f506a815e8700
36,00000000000000000000000000000000000000000000000000000000000000000000000000000000000000000000000000000000000000000031f3bd49b5bae0
37,0000000000000000000000000000000000000000000000000000000000000000000000000000000000000000000000000000000000000000001abec6bc7d9a40
38,0000000000000000000000000000000000000000000000000000000000000000000000000000000000000000000000000000000000000000002050dbe63e4440
39,00000000000000000000000000000000000000000000000000000000000000000000000000000000000000000000000000000000000000000026a52d655e8400
40,000000000000000000000000000000000000000000000000000000000000000000000000000000000000000000000000000000000000000000342142c1ae52a0
41,000000000000000000000000000000000000000000000000000000000000000000000000000000000000000000000000000000000000000000309d21747cf7a0
42,00000000000000000000000000000000000000000000000000000000000000000000000000000000000000000000000000000000000000000021eadda33b2e40
43,0000000000000000000000000000000000000000000000000000000000000000000000000000000000000000000000000000000000000000005ba172fac10c40
44,0000000000000000000000000000000000000000000000000000000000000000000000000000000000000000000000000000000000000000003c75106d1c5e60
45,0000000000000000000000000000000000000000000000000000000000000000000000000000000000000000000000000000000000000000002dce15fd8e0a80
46,0000000000000000000000000000000000000000000000000000000000000000000000000000000000000000000000000000000000000000003ab89ced855020
47,0000000000000000000000000000000000000000000000000000000000000000000000000000000000000000000000000000000000000000003d230aeb3bda20
48,00000000000000000000000000000000000000000000000000000000000000000000000000000000000000000000000000000000000000000033325f03024000
49,00000000000000000000000000000000000000000000000000000000000000000000000000000000000000000000000000000000000000000032b62ac67476e0
50,0000000000000000000000000000000000000000000000000000000000000000000000000000000000000000000000000000000000000000002cc6dd19233ea0
51,00000000000000000000000000000000000000000000000000000000000000000000000000000000000000000000000000000000000000000020443ac98e46e0
52,00000000000000000000000000000000000000000000000000000000000000000000000000000000000000000000000000000000000000000039307f74401340
53,0000000000000000000000000000000000000000000000000000000000000000000000000000000000000000000000000000000000000000002976d052481ee0
54,0000000000000000000000000000000000000000000000000000000000000000000000000000000000000000000000000000000000000000002632831e539180
55,00000000000000000000000000000000000000000000000000000000000000000000000000000000000000000000000000000000000000000045a1499da66580
56,0000000000000000000000000000000000000000000000000000000000000000000000000000000000000000000000000000000000000000003b64aece3bdfe0
57,0000000000000000000000000000000000000000000000000000000000000000000000000000000000000000000000000000000000000000004cacd806952c20
58,0000000000000000000000000000000000000000000000000000000000000000000000000000000000000000000000000000000000000000001e31144fcec860
59,0000000000000000000000000000000000000000000000000000000000000000000000000000000000000000000000000000000000000000003407eb5714b1c0
60,00000000000000000000000000000000000000000000000000000000000000000000000000000000000000000000000000000000000000000030af92733eda60
61,0000000000000000000000000000000000000000000000000000000000000000000000000000000000000000000000000000000000000000003294c8663e30a0
62,00000000000000000000000000000000000000000000000000000000000000000000000000000000000000000000000000000000000000000035ac417fae3060
63,0000000000000000000000000000000000000000000000000000000000000000000000000000000000000000000000000000000000000000005974f2a040b4e0
64,000000000000000000000000000000000000000000000000000000000000000000000000000000000000000000000000000000000000000000258a430c200ae0
65,00000000000000000000000000000000000000000000000000000000000000000000000000000000000000000000000000000000000000000025c16c12412480
66,00000000000000000000000000000000000000000000000000000000000000000000000000000000000000000000000000000000000000000035c38e6a6b0660
67,0000000000000000000000000000000000000000000000000000000000000000000000000000000000000000000000000000000000000000003214e90c65d6a0
68,00000000000000000000000000000000000000000000000000000000000000000000000000000000000000000000000000000000000000000015aa8e1df30e60
69,00000000000000000000000000000000000000000000000000000000000000000000000000000000000000000000000000000000000000000028353afba4ab80
70,00000000000000000000000000000000000000000000000000000000000000000000000000000000000000000000000000000000000000000019df82adff18a0
71,0000000000000000000000000000000000000000000000000000000000000000000000000000000000000000000000000000000000000000002f3fc829911620
72,0000000000000000000000000000000000000000000000000000000000000000000000000000000000000000000000000000000000000000002d80ca82c360e0
73,0000000000000000000000000000000000000000000000000000000000000000000000000000000000000000000000000000000000000000002c9d007492e6c0
74,000000000000000000000000000000000000000000000000000000000000000000000000000000000000000000000000000000000000000000471aef7082bc40
75,0000000000000000000000000000000000000000000000000000000000000000000000000000000000000000000000000000000000000000006405fa42986ec0
76,000000000000000000000000000000000000000000000000000000000000000000000000000000000000000000000000000000000000000000422574c60d4600
77,0000000000000000000000000000000000000000000000000000000000000000000000000000000000000000000000000000000000000000003ea474eecd4c40
78,000000000000000000000000000000000000000000000000000000000000000000000000000000000000000000000000000000000000000000226dcc73062000
79,00000000000000000000000000000000000000000000000000000000000000000000000000000000000000000000000000000000000000000016fdaac22d1000
80,00000000000000000000000000000000000000000000000000000000000000000000000000000000000000000000000000000000000000000038597a166e6be0
81,00000000000000000000000000000000000000000000000000000000000000000000000000000000000000000000000000000000000000000025542037285a20
82,0000000000000000000000000000000000000000000000000000000000000000000000000000000000000000000000000000000000000000003a0e378cb1e0c0
83,000000000000000000000000000000000000000000000000000000000000000000000000000000000000000000000000000000000000000000308f067f48e640
84,000000000000000000000000000000000000000000000000000000000000000000000000000000000000000000000000000000000000000000393d4010edf140
85,0000000000000000000000000000000000000000000000000000000000000000000000000000000000000000000000000000000000000000003f2854172595e0
86,000000000000000000000000000000000000000000000000000000000000000000000000000000000000000000000000000000000000000000413bc824911540
87,000000000000000000000000000000000000000000000000000000000000000000000000000000000000000000000000000000000000000000413bf1d5c959c0
88,000000000000000000000000000000000000000000000000000000000000000000000000000000000000000000000000000000000000000000320a2765bced00
89,0000000000000000000000000000000000000000000000000000000000000000000000000000000000000000000000000000000000000000004586fc3cf5f500
90,0000000000000000000000000000000000000000000000000000000000000000000000000000000000000000000000000000000000000000002f6e95e17d6a80
91,0000000000000000000000000000000000000000000000000000000000000000000000000000000000000000000000000000000000000000002147987d008420
92,0000000000000000000000000000000000000000000000000000000000000000000000000000000000000000000000000000000000000000003c07af39677a60
93,0000000000000000000000000000000000000000000000000000000000000000000000000000000000000000000000000000000000000000002f50aa14bca1e0
94,0000000000000000000000000000000000000000000000000000000000000000000000000000000000000000000000000000000000000000004fa5475357a8c0
95,0000000000000000000000000000000000000000000000000000000000000000000000000000000000000000000000000000000000000000004df5f0bf2d2c80
96,00000000000000000000000000000000000000000000000000000000000000000000000000000000000000000000000000000000000000000021572605ccd820
97,00000000000000000000000000000000000000000000000000000000000000000000000000000000000000000000000000000000000000000033463677d35dc0
98,0000000000000000000000000000000000000000000000000000000000000000000000000000000000000000000000000000000000000000003287cef0f69d60
99,000000000000000000000000000000000000000000000000000000000000000000000000000000000000000000000000000000000000000000263373281c0260
100,00000000000000000000000000000000000000000000000000000000000000000000000000000000000000000000000000000000000000000032090eaabc2660
101,00000000000000000000000000000000000000000000000000000000000000000000000000000000000000000000000000000000000000000038155324dea980
102,0000000000000000000000000000000000000000000000000000000000000000000000000000000000000000000000000000000000000000003e307245636700
103,0000000000000000000000000000000000000000000000000000000000000000000000000000000000000000000000000000000000000000003a6919cb7e7060
104,00000000000000000000000000000000000000000000000000000000000000000000000000000000000000000000000000000000000000000049335a877133c0
105,0000000000000000000000000000000000000000000000000000000000000000000000000000000000000000000000000000000000000000005b5105ec7b2ac0
106,00000000000000000000000000000000000000000000000000000000000000000000000000000000000000000000000000000000000000000032bbac639f53a0
107,0000000000000000000000000000000000000000000000000000000000000000000000000000000000000000000000000000000000000000003e488539eb8260
108,0000000000000000000000000000000000000000000000000000000000000000000000000000000000000000000000000000000000000000003709ae2d0eeae0
109,00000000000000000000000000000000000000000000000000000000000000000000000000000000000000000000000000000000000000000036d96ef53b7c60
110,00000000000000000000000000000000000000000000000000000000000000000000000000000000000000000000000000000000000000000035b93eb0093480
111,00000000000000000000000000000000000000000000000000000000000000000000000000000000000000000000000000000000000000000051f2d72b9db4c0
112,00000000000000000000000000000000000000000000000000000000000000000000000000000000000000000000000000000000000000000033a565c02e5a00
113,0000000000000000000000000000000000000000000000000000000000000000000000000000000000000000000000000000000000000000003232eb31c2a7a0
114,00000000000000000000000000000000000000000000000000000000000000000000000000000000000000000000000000000000000000000048f73c29081880
115,00000000000000000000000000000000000000000000000000000000000000000000000000000000000000000000000000000000000000000014e6c983c19880
116,0000000000000000000000000000000000000000000000000000000000000000000000000000000000000000000000000000000000000000002c2ab554e40100
117,00000000000000000000000000000000000000000000000000000000000000000000000000000000000000000000000000000000000000000019db55733373a0
118,0000000000000000000000000000000000000000000000000000000000000000000000000000000000000000000000000000000000000000001788e738cb3c60
119,00000000000000000000000000000000000000000000000000000000000000000000000000000000000000000000000000000000000000000062e1294c7ae720
120,0000000000000000000000000000000000000000000000000000000000000000000000000000000000000000000000000000000000000000003f731d0842edc0
121,0000000000000000000000000000000000000000000000000000000000000000000000000000000000000000000000000000000000000000001fdcdbda5e0a80
122,0000000000000000000000000000000000000000000000000000000000000000000000000000000000000000000000000000000000000000002ef6471ad3cda0
123,0000000000000000000000000000000000000000000000000000000000000000000000000000000000000000000000000000000000000000004cec6f47388980
124,00000000000000000000000000000000000000000000000000000000000000000000000000000000000000000000000000000000000000000034221ee901f320
125,000000000000000000000000000000000000000000000000000000000000000000000000000000000000000000000000000000000000000000620cc71fb6d460
126,000000000000000000000000000000000000000000000000000000000000000000000000000000000000000000000000000000000000000000406812d05ee6c0
127,000000000000000000000000000000000000000000000000000000000000000000000000000000000000000000000000000000000000000000206d571f66a7c0
128,0000000000000000000000000000000000000000000000000000000000000000000000000000000000000000000000000000000000000000002ba020fbc45940
129,0000000000000000000000000000000000000000000000000000000000000000000000000000000000000000000000000000000000000000004c7f9f1d527d20
130,0000000000000000000000000000000000000000000000000000000000000000000000000000000000000000000000000000000000000000005701c519487560
131,00000000000000000000000000000000000000000000000000000000000000000000000000000000000000000000000000000000000000000043b723e60fe880
132,00000000000000000000000000000000000000000000000000000000000000000000000000000000000000000000000000000000000000000031fe023f2bf7c0
133,0000000000000000000000000000000000000000000000000000000000000000000000000000000000000000000000000000000000000000004748eb6d698140
134,00000000000000000000000000000000000000000000000000000000000000000000000000000000000000000000000000000000000000000024d6d222100500
135,0000000000000000000000000000000000000000000000000000000000000000000000000000000000000000000000000000000000000000002d18ae6264d060
136,0000000000000000000000000000000000000000000000000000000000000000000000000000000000000000000000000000000000000000002fca9a5b4a1ce0
137,000000000000000000000000000000000000000000000000000000000000000000000000000000000000000000000000000000000000000000168740a2c54100
138,000000000000000000000000000000000000000000000000000000000000000000000000000000000000000000000000000000000000000000332e10a0d660c0
139,0000000000000000000000000000000000000000000000000000000000000000000000000000000000000000000000000000000000000000001a56bde10a0c20
140,0000000000000000000000000000000000000000000000000000000000000000000000000000000000000000000000000000000000000000002829029028b3e0
141,0000000000000000000000000000000000000000000000000000000000000000000000000000000000000000000000000000000000000000001d56d319975f80
142,00000000000000000000000000000000000000000000000000000000000000000000000000000000000000000000000000000000000000000042fc400658ff40
143,0000000000000000000000000000000000000000000000000000000000000000000000000000000000000000000000000000000000000000002d2650ba1729c0
144,000000000000000000000000000000000000000000000000000000000000000000000000000000000000000000000000000000000000000000396b94a17ff960
145,00000000000000000000000000000000000000000000000000000000000000000000000000000000000000000000000000000000000000000026204f333ecc40
146,000000000000000000000000000000000000000000000000000000000000000000000000000000000000000000000000000000000000000000185e2f3444bf40
147,0000000000000000000000000000000000000000000000000000000000000000000000000000000000000000000000000000000000000000003e7e575dad8f60
148,00000000000000000000000000000000000000000000000000000000000000000000000000000000000000000000000000000000000000000059ed17fa9e5760
149,0000000000000000000000000000000000000000000000000000000000000000000000000000000000000000000000000000000000000000002d76ea3e816ec0
150,0000000000000000000000000000000000000000000000000000000000000000000000000000000000000000000000000000000000000000002d98ae461396a0
151,0000000000000000000000000000000000000000000000000000000000000000000000000000000000000000000000000000000000000000001f582ced277220
152,00000000000000000000000000000000000000000000000000000000000000000000000000000000000000000000000000000000000000000023036de8f0fe20
153,0000000000000000000000000000000000000000000000000000000000000000000000000000000000000000000000000000000000000000002a7638caeaf120
154,00000000000000000000000000000000000000000000000000000000000000000000000000000000000000000000000000000000000000000050ef27a96c0e60
155,000000000000000000000000000000000000000000000000000000000000000000000000000000000000000000000000000000000000000000180e7a437c4e60
156,0000000000000000000000000000000000000000000000000000000000000000000000000000000000000000000000000000000000000000005acb6326b776e0
157,00000000000000000000000000000000000000000000000000000000000000000000000000000000000000000000000000000000000000000034e22cf99ad840
158,000000000000000000000000000000000000000000000000000000000000000000000000000000000000000000000000000000000000000000253c30a51403c0
159,000000000000000000000000000000000000000000000000000000000000000000000000000000000000000000000000000000000000000000401fc31a2a94e0
160,000000000000000000000000000000000000000000000000000000000000000000000000000000000000000000000000000000000000000000312ada087a1fa0
161,0000000000000000000000000000000000000000000000000000000000000000000000000000000000000000000000000000000000000000004b67494dc01f40
162,000000000000000000000000000000000000000000000000000000000000000000000000000000000000000000000000000000000000000000313a1169e9cba0
163,0000000000000000000000000000000000000000000000000000000000000000000000000000000000000000000000000000000000000000001f3468e5b7ca40
164,00000000000000000000000000000000000000000000000000000000000000000000000000000000000000000000000000000000000000000014a3672fae6f20
165,000000000000000000000000000000000000000000000000000000000000000000000000000000000000000000000000000000000000000000324a0392aa6a60
166,000000000000000000000000000000000000000000000000000000000000000000000000000000000000000000000000000000000000000000296554fad824c0
167,00000000000000000000000000000000000000000000000000000000000000000000000000000000000000000000000000000000000000000032b4b8d0660240
168,00000000000000000000000000000000000000000000000000000000000000000000000000000000000000000000000000000000000000000017cf852057dd20
169,0000000000000000000000000000000000000000000000000000000000000000000000000000000000000000000000000000000000000000001ba53fd4586680
170,0000000000000000000000000000000000000000000000000000000000000000000000000000000000000000000000000000000000000000005983a0d07e8bc0
171,00000000000000000000000000000000000000000000000000000000000000000000000000000000000000000000000000000000000000000037f0d8b12c8780
172,0000000000000000000000000000000000000000000000000000000000000000000000000000000000000000000000000000000000000000002988d4e4c28b00
173,00000000000000000000000000000000000000000000000000000000000000000000000000000000000000000000000000000000000000000039b4f4eb532860
174,0000000000000000000000000000000000000000000000000000000000000000000000000000000000000000000000000000000000000000004a6429690ea420
175,0000000000000000000000000000000000000000000000000000000000000000000000000000000000000000000000000000000000000000002e1bcab3654e20
176,0000000000000000000000000000000000000000000000000000000000000000000000000000000000000000000000000000000000000000004925d939953e00
177,0000000000000000000000000000000000000000000000000000000000000000000000000000000000000000000000000000000000000000003c624e6e5ff0e0
178,0000000000000000000000000000000000000000000000000000000000000000000000000000000000000000000000000000000000000000001b3f106eec53a0
179,0000000000000000000000000000000000000000000000000000000000000000000000000000000000000000000000000000000000000000003101da329fd320
180,000000000000000000000000000000000000000000000000000000000000000000000000000000000000000000000000000000000000000000244789dcf2b800
181,000000000000000000000000000000000000000000000000000000000000000000000000000000000000000000000000000000000000000000596ada5229ebe0
182,00000000000000000000000000000000000000000000000000000000000000000000000000000000000000000000000000000000000000000022bf23bc4fea40
183,00000000000000000000000000000000000000000000000000000000000000000000000000000000000000000000000000000000000000000034d6d5a1c0f120
184,00000000000000000000000000000000000000000000000000000000000000000000000000000000000000000000000000000000000000000032e4db121401e0
185,00000000000000000000000000000000000000000000000000000000000000000000000000000000000000000000000000000000000000000025e7c44abf63c0
186,0000000000000000000000000000000000000000000000000000000000000000000000000000000000000000000000000000000000000000003b222d66685380
187,0000000000000000000000000000000000000000000000000000000000000000000000000000000000000000000000000000000000000000002ba9a8676ebe20
188,00000000000000000000000000000000000000000000000000000000000000000000000000000000000000000000000000000000000000000027136dca3f71a0
189,00000000000000000000000000000000000000000000000000000000000000000000000000000000000000000000000000000000000000000043562b3b5d96c0
190,000000000000000000000000000000000000000000000000000000000000000000000000000000000000000000000000000000000000000000658c12284f50c0
191,00000000000000000000000000000000000000000000000000000000000000000000000000000000000000000000000000000000000000000025cb28d6857b00
192,0000000000000000000000000000000000000000000000000000000000000000000000000000000000000000000000000000000000000000002a1fe7da948340
193,0000000000000000000000000000000000000000000000000000000000000000000000000000000000000000000000000000000000000000001b334e522d4f80
194,00000000000000000000000000000000000000000000000000000000000000000000000000000000000000000000000000000000000000000033e18f3c208e20
195,0000000000000000000000000000000000000000000000000000000000000000000000000000000000000000000000000000000000000000003c302336ada960
196,0000000000000000000000000000000000000000000000000000000000000000000000000000000000000000000000000000000000000000002c1b9aae8616a0
197,00000000000000000000000000000000000000000000000000000000000000000000000000000000000000000000000000000000000000000023a1d419584be0
198,0000000000000000000000000000000000000000000000000000000000000000000000000000000000000000000000000000000000000000003c0c5fea51a620
199,0000000000000000000000000000000000000000000000000000000000000000000000000000000000000000000000000000000000000000003d3ccb4bf5cae0
200,0000000000000000000000000000000000000000000000000000000000000000000000000000000000000000000000000000000000000000002c996a39bd1500
201,00000000000000000000000000000000000000000000000000000000000000000000000000000000000000000000000000000000000000000022d02d628c79e0
202,0000000000000000000000000000000000000000000000000000000000000000000000000000000000000000000000000000000000000000001ee89aafbfbe80
203,000000000000000000000000000000000000000000000000000000000000000000000000000000000000000000000000000000000000000000144ca67a733a80
204,000000000000000000000000000000000000000000000000000000000000000000000000000000000000000000000000000000000000000000430009cb03f580
205,00000000000000000000000000000000000000000000000000000000000000000000000000000000000000000000000000000000000000000028e795c83d9640
206,0000000000000000000000000000000000000000000000000000000000000000000000000000000000000000000000000000000000000000003dfc87d2bb9100
207,000000000000000000000000000000000000000000000000000000000000000000000000000000000000000000000000000000000000000000240565302c9d40
208,0000000000000000000000000000000000000000000000000000000000000000000000000000000000000000000000000000000000000000002e1053aa527600
209,000000000000000000000000000000000000000000000000000000000000000000000000000000000000000000000000000000000000000000295cb84a31a000
210,000000000000000000000000000000000000000000000000000000000000000000000000000000000000000000000000000000000000000000229bd16fec49c0
211,000000000000000000000000000000000000000000000000000000000000000000000000000000000000000000000000000000000000000000208d71f5da6280
212,0000000000000000000000000000000000000000000000000000000000000000000000000000000000000000000000000000000000000000002747c733073000
213,0000000000000000000000000000000000000000000000000000000000000000000000000000000000000000000000000000000000000000005a54cdfd79f0c0
214,0000000000000000000000000000000000000000000000000000000000000000000000000000000000000000000000000000000000000000005acf7675361620
215,000000000000000000000000000000000000000000000000000000000000000000000000000000000000000000000000000000000000000000639f0970ea9f80
216,0000000000000000000000000000000000000000000000000000000000000000000000000000000000000000000000000000000000000000003c570a2a35fbc0
217,0000000000000000000000000000000000000000000000000000000000000000000000000000000000000000000000000000000000000000004aa995c6d73de0
218,000000000000000000000000000000000000000000000000000000000000000000000000000000000000000000000000000000000000000000322110bccf3da0
219,00000000000000000000000000000000000000000000000000000000000000000000000000000000000000000000000000000000000000000023327fdbec6ac0
220,0000000000000000000000000000000000000000000000000000000000000000000000000000000000000000000000000000000000000000003b813260013d40
221,0000000000000000000000000000000000000000000000000000000000000000000000000000000000000000000000000000000000000000003829b8de927fe0
222,0000000000000000000000000000000000000000000000000000000000000000000000000000000000000000000000000000000000000000002a25488b72d300
223,00000000000000000000000000000000000000000000000000000000000000000000000000000000000000000000000000000000000000000056a81f33041ea0
224,000000000000000000000000000000000000000000000000000000000000000000000000000000000000000000000000000000000000000000298a0bf85ed000
225,00000000000000000000000000000000000000000000000000000000000000000000000000000000000000000000000000000000000000000026f88efd4a08c0
226,00000000000000000000000000000000000000000000000000000000000000000000000000000000000000000000000000000000000000000049728e65a51c20
227,0000000000000000000000000000000000000000000000000000000000000000000000000000000000000000000000000000000000000000005554ceb6301180
228,00000000000000000000000000000000000000000000000000000000000000000000000000000000000000000000000000000000000000000048d4ca48e41da0
229,0000000000000000000000000000000000000000000000000000000000000000000000000000000000000000000000000000000000000000002d9fe1c5975e40
230,0000000000000000000000000000000000000000000000000000000000000000000000000000000000000000000000000000000000000000003ccdea985abe40
231,0000000000000000000000000000000000000000000000000000000000000000000000000000000000000000000000000000000000000000001d36217468e1e0
232,000000000000000000000000000000000000000000000000000000000000000000000000000000000000000000000000000000000000000000168c75f13055c0
233,000000000000000000000000000000000000000000000000000000000000000000000000000000000000000000000000000000000000000000345b61bdc3bbe0
234,0000000000000000000000000000000000000000000000000000000000000000000000000000000000000000000000000000000000000000002f7c8bc302c060
235,0000000000000000000000000000000000000000000000000000000000000000000000000000000000000000000000000000000000000000002c3f887adf3cc0
236,000000000000000000000000000000000000000000000000000000000000000000000000000000000000000000000000000000000000000000444e4a5be09060
237,0000000000000000000000000000000000000000000000000000000000000000000000000000000000000000000000000000000000000000004185170216abe0
238,00000000000000000000000000000000000000000000000000000000000000000000000000000000000000000000000000000000000000000034bddfa36f84a0
239,0000000000000000000000000000000000000000000000000000000000000000000000000000000000000000000000000000000000000000006bd2513c138960
240,00000000000000000000000000000000000000000000000000000000000000000000000000000000000000000000000000000000000000000055be442f14e6a0
241,0000000000000000000000000000000000000000000000000000000000000000000000000000000000000000000000000000000000000000002fe7b7c5a2a640
242,0000000000000000000000000000000000000000000000000000000000000000000000000000000000000000000000000000000000000000002f76412fbe0bc0
243,0000000000000000000000000000000000000000000000000000000000000000000000000000000000000000000000000000000000000000002c3d9484d98aa0
244,00000000000000000000000000000000000000000000000000000000000000000000000000000000000000000000000000000000000000000045c7ed3895b7c0
245,00000000000000000000000000000000000000000000000000000000000000000000000000000000000000000000000000000000000000000032869d5d59f980
246,000000000000000000000000000000000000000000000000000000000000000000000000000000000000000000000000000000000000000000506040bce5bc00
247,0000000000000000000000000000000000000000000000000000000000000000000000000000000000000000000000000000000000000000006adf2d38c47ca0
248,000000000000000000000000000000000000000000000000000000000000000000000000000000000000000000000000000000000000000000230fa2ad0abea0
249,0000000000000000000000000000000000000000000000000000000000000000000000000000000000000000000000000000000000000000001ff7d31d792fe0
250,0000000000000000000000000000000000000000000000000000000000000000000000000000000000000000000000000000000000000000003f458832b7ab80
